first_name,last_name
Sheldon,Gibson
Kathleen,Shields
Lorena,Heidenreich
Liza,Fahey
Krystina,Wehner
Rosalind,Wisozk
Bert,Collins
Verona,Konopelski
Wellington,Effertz
Greg,Jakubowski
Sister,Mraz
Glen,Hane
Rahsaan,Johns
Jarvis,Bruen-Hilll
Cade,Price
Shanel,Ryan
Taylor,Murazik
Annamae,Nader
Travon,Rodriguez
Daniella,Cassin
Eusebio,MacGyver
Carol,VonRueden
Oswald,Prosacco
Maximo,Littel
Damien,Stiedemann
Hans,Mayert
Gudrun,Kertzmann
Lela,Auer
Myles,Bashirian
Zula,Senger
Bethel,Wilderman
Nelson,Koelpin
Sylvester,Parker
Rachel,Franecki
Luciano,Leannon
Naomi,Brown
Brenda,Schulist
Eden,Kessler
Holden,Kshlerin
Efrain,Haley
Blaise,Nicolas
Cedrick,Collins
Madaline,Davis
Loraine,Jacobson
Violet,Nicolas
Neva,Tremblay
Donavon,Hettinger
Adelia,Roob
Oran,Lehner
Heaven,Kuhic
Johnson,Jakubowski
Norris,D'Amore
Nia,Considine
Enrico,Jones-Ortiz
Carleton,Langworth
Emie,Barrows
Hermann,Cassin
Carroll,Abshire
Mattie,Hickle
Ayana,Hilll
Lia,Greenfelder
Kiera,Bergstrom
Katrina,Bernhard-Ondricka
Michele,Rice
Quentin,Hayes
Penelope,Dach
Jaren,Fahey
Maurice,Waters
Jonas,Labadie
Alejandra,Thompson
Leora,Ruecker
Rita,Waters
Missouri,Konopelski
Adell,Bailey
Annamae,Sawayn
Josie,Lynch
Chanelle,Bechtelar
Cristopher,Kulas
Genevieve,Stark
Kiley,Friesen
Cristopher,Walsh
Kira,Zulauf
Letha,Ryan
Sally,Reynolds
Oleta,Friesen
Santino,Cassin
Sierra,Feeney
Kacey,Runolfsdottir
Fredy,Kunze
Christa,Abshire
Kyra,Howe
Abagail,Conroy
Alverta,Medhurst
Bailee,Cole
Lisette,Jacobson
Brown,Torphy
Carmen,Haag
Quinten,Emmerich
Alf,Lind
Ricky,Oberbrunner-Cormier
Salma,Kerluke
Esther,Jenkins
Kitty,Schinner
Giuseppe,Wehner
Darby,O'Kon
Lorenza,Parker
Anne,Bernhard
Lorena,Schuster
Izabella,Koss
Orion,Braun
Modesta,Monahan
Geoffrey,Dicki
Vergie,Greenfelder
Osvaldo,Ernser
Eveline,Schinner
Leonie,Wuckert
Emelia,Ratke
Wava,Brekke
Kristofer,Littel
Cydney,Roberts
Gracie,Hettinger-Weimann
Madie,Zemlak
Domenic,Johns-Price
Colby,Brown
Napoleon,Nikolaus
Loy,Schiller
Rafaela,Dietrich
Mckenzie,Crooks
Florine,Rempel
Audreanne,Rogahn
London,Stiedemann
Oswaldo,Schimmel
Juliana,Prohaska
Ryleigh,Cartwright
Beulah,Beatty
Heloise,West
Adolfo,Reinger
Jaren,Fisher
Sonny,McGlynn
Linnie,Grant
Clara,Kiehn
Lorenza,Boyer
Rowena,Hansen
Tevin,Bradtke
Gladys,Dibbert-Schmitt
Kellen,Wolff
Noelia,Crooks
Otis,Douglas
Shanon,Mante
Lowell,Schoen
Jada,Morar
Nikita,Kautzer
Deon,Schroeder
Faye,Sauer
Demetris,Ondricka
Maxie,Beatty
Ludie,Bode
Gladyce,Langosh
Sandy,Franey
Bennie,McCullough
Hulda,Schiller
Clemmie,Torp
Gudrun,Roberts
Cydney,Rempel
Wayne,Graham
Dorris,Hauck
Beau,Nienow
Brenna,Pfeffer
Merle,Sauer
Lillie,Bernhard
Electa,Kris
Stan,Shanahan
Ottilie,Nikolaus
Dallin,Gerhold
Edna,Lowe
Jovan,Wolff
Margarette,Senger
Skylar,Leffler
Micaela,Rice
Velva,Christiansen
Elmira,Murazik
Milford,Willms
Tito,Mayert
Nakia,Padberg
Amber,Yundt
Jerel,Bradtke
Tom,Goodwin
Lucienne,Harber
Einar,Ritchie
Jaylin,Windler
Devante,Lemke
Manuela,Ernser-Cummerata
Deshawn,Cormier
Bella,Kuhlman
Guadalupe,Rippin
Bennett,Cronin
Cierra,Abernathy
Elmer,Medhurst
Rachelle,Bogan
Asha,Altenwerth
Vilma,Kunde
Blaze,Lubowitz
Rosario,Botsford
Sidney,Volkman
Brant,McKenzie
Hilbert,Larkin
Jerad,Leannon
Estella,Sanford
Tiffany,Spinka
Joe,Heaney
Casimer,Little
Emmalee,Wisoky
Dolly,Armstrong
Meaghan,Kunze
Desmond,Rutherford
Candace,Lemke
Freeman,Trantow
Miles,Dibbert
Nelda,Larson
Jamil,Feest
Aleen,Grant
Sophia,Purdy
Jonatan,Hyatt
Einar,Powlowski
Trever,Witting
Mellie,Olson
Theron,Rohan
Maria,Jacobson
Brad,Nikolaus
Jeremy,Bednar
Edwardo,Runolfsson
Will,Stanton
Jackeline,Hansen
Jalyn,Hayes
Stephen,Kautzer
Coy,O'Reilly
Claud,Hettinger
Josue,Erdman
Elmer,Johnston
Clovis,Casper
Derek,King
Eusebio,Buckridge
Myrna,Macejkovic
Mireya,Schmitt
Sterling,Ortiz
Salvatore,Powlowski
Vladimir,Becker
Hilda,Wolf
Zane,Kiehn
Margarette,Hilpert
Narciso,Kessler
Franco,Rowe
Abraham,Donnelly
Shanelle,Gottlieb
Carley,O'Keefe
Una,Breitenberg
Jazmyne,Oberbrunner
Virgil,Kub
Donnie,Lesch
Brycen,Brown
Rosina,Heathcote-Sanford
Trudie,Kerluke
Amelie,Rohan
Madonna,Keeling
Lindsay,Lind
Nikita,Greenfelder
Catherine,Olson
Deonte,Braun
Jose,Ziemann
Narciso,Stracke
Clare,Pfannerstill
Jaunita,Huel
Everardo,Graham
Abigale,Pacocha
Geo,Borer
Jeffrey,Satterfield
Loraine,Jaskolski
Darius,McGlynn
Yolanda,Champlin-Buckridge
Bertram,Collins
Marquis,Brekke
Angela,Mante
Brandon,Schumm
Brittany,Crooks
Berta,Mosciski
Shakira,Cummerata
Verona,Welch
Carli,Hills
Mireille,Spencer
Bridie,Conroy
Walter,Moore
Jaycee,Metz
Adrien,Collins
Holden,Schinner-Hamill
Nick,Reilly
Ashly,Rath
Evalyn,Fisher
Nellie,Olson
Lee,Krajcik-Littel
Bertha,Botsford
